Accessory Name,Type,Rarity
Belt of Deftness,Belt,Uncommon
Belt of Determination,Belt,Uncommon
Belt of Meditation,Belt,Uncommon
Belt of Vigor,Belt,Uncommon
Bracelet of Buffering,Bracelet,Uncommon
Bracelet of Conquest,Bracelet,Uncommon
Bracelet of Liberation,Bracelet,Uncommon
Bracelet of Revitalization,Bracelet,Uncommon
Necklace of Clarity,Necklace,Uncommon
Necklace of Endurance,Necklace,Uncommon
Necklace of Foresight,Necklace,Uncommon
Necklace of Vitality,Necklace,Uncommon
Ring of Impact,Ring,Uncommon
Ring of Precision,Ring,Uncommon
Ring of Robustness,Ring,Uncommon
Ring of Willpower,Ring,Uncommon
Astral Armlet,Bracelet,Rare
Belt of Combat Prowess,Belt,Rare
Belt of Divine Refreshment,Belt,Rare
Belt of the Midnight Hunt,Belt,Rare
Cold Iron Band,Ring,Rare
Ecliptic Pendant,Necklace,Rare
Gladiator's Girdle,Belt,Rare
Guardian Torque,Necklace,Rare
Imperial Bracelet,Bracelet,Rare
Imperial Ring,Ring,Rare
Kunzite Bangle,Bracelet,Rare
Mitran Leaf Collar,Necklace,Rare
Ornate Choker,Necklace,Rare
Platinum Skull Band,Ring,Rare
Regal Jade Band,Ring,Rare
Regeneration Loop,Belt,Rare
Robert's Bracelet of Focus,Bracelet,Rare
Robert's Necklace of Focus,Necklace,Rare
Robert's Ring of Focus,Ring,Rare
Ruby Bangle,Bracelet,Rare
Rutaine's Bracelet of Wonder,Bracelet,Rare
Rutaine's Necklace of Wonder,Necklace,Rare
Rutaine's Ring of Wonder,Ring,Rare
Serpentine Wristlet,Bracelet,Rare
Sophia's Bracelet of Strength,Bracelet,Rare
Sophia's Necklace of Strength,Necklace,Rare
Sophia's Ring of Strength,Ring,Rare
Spider Silk Collar,Necklace,Rare
Violent Signet,Ring,Rare
Abyssal Grace Band,Ring,Epic
Abyssal Grace Charm,Bracelet,Epic
Abyssal Grace Pendant,Necklace,Epic
Amber Dimensional Band,Ring,Epic
Ancient Saurodoma Bracers,Bracelet,Epic
Band of Universal Power,Ring,Epic
Belt of Bloodlust,Belt,Epic
Belt of Endless Slaughter,Belt,Epic
Blessed Templar Choker,Necklace,Epic
Bracers of the Primal King,Bracelet,Epic
Clasp of the Conqueror,Necklace,Epic
Clasp of the Overlord,Necklace,Epic
Collar of Decimation,Necklace,Epic
Eldritch Ice Band,Ring,Epic
Embossed Granite Band,Ring,Epic
Etched Alabaster Band,Ring,Epic
Flamewrought Bindings,Belt,Epic
Forged Golden Bangle,Bracelet,Epic
Gilded Infernal Wristlet,Bracelet,Epic
Girdle of Spectral Skulls,Belt,Epic
Infernal Demonhide Belt,Belt,Epic
Sapphire Dimensional Band,Ring,Epic
Skillful Charging Bracelet,Bracelet,Epic
Skillful Corrupted Bracelet,Bracelet,Epic
Skillful Oppress Bracelet,Bracelet,Epic
Skillful Shock Bracelet,Bracelet,Epic
Skillful Silence Bracelet,Bracelet,Epic
Wrapped Coin Necklace,Necklace,Epic
Belt of Deftness,Belt,Uncommon
Belt of Determination,Belt,Uncommon
Belt of Meditation,Belt,Uncommon
Belt of Vigor,Belt,Uncommon
Bracelet of Buffering,Bracelet,Uncommon
Bracelet of Conquest,Bracelet,Uncommon
Bracelet of Liberation,Bracelet,Uncommon
Bracelet of Revitalization,Bracelet,Uncommon
Necklace of Clarity,Necklace,Uncommon
Necklace of Endurance,Necklace,Uncommon
Necklace of Foresight,Necklace,Uncommon
Necklace of Vitality,Necklace,Uncommon
Ring of Impact,Ring,Uncommon
Ring of Precision,Ring,Uncommon
Ring of Robustness,Ring,Uncommon
Ring of Willpower,Ring,Uncommon
Astral Armlet,Bracelet,Rare
Belt of Combat Prowess,Belt,Rare
Belt of Divine Refreshment,Belt,Rare
Belt of the Midnight Hunt,Belt,Rare
Cold Iron Band,Ring,Rare
Ecliptic Pendant,Necklace,Rare
Gladiator's Girdle,Belt,Rare
Guardian Torque,Necklace,Rare
Imperial Bracelet,Bracelet,Rare
Imperial Ring,Ring,Rare
Kunzite Bangle,Bracelet,Rare
Mitran Leaf Collar,Necklace,Rare
Ornate Choker,Necklace,Rare
Platinum Skull Band,Ring,Rare
Regal Jade Band,Ring,Rare
Regeneration Loop,Belt,Rare
Robert's Bracelet of Focus,Bracelet,Rare
Robert's Necklace of Focus,Necklace,Rare
Robert's Ring of Focus,Ring,Rare
Ruby Bangle,Bracelet,Rare
Rutaine's Bracelet of Wonder,Bracelet,Rare
Rutaine's Necklace of Wonder,Necklace,Rare
Rutaine's Ring of Wonder,Ring,Rare
Serpentine Wristlet,Bracelet,Rare
Sophia's Bracelet of Strength,Bracelet,Rare
Sophia's Necklace of Strength,Necklace,Rare
Sophia's Ring of Strength,Ring,Rare
Spider Silk Collar,Necklace,Rare
Violent Signet,Ring,Rare
Abyssal Grace Band,Ring,Epic
Abyssal Grace Charm,Bracelet,Epic
Abyssal Grace Pendant,Necklace,Epic
Amber Dimensional Band,Ring,Epic
Ancient Saurodoma Bracers,Bracelet,Epic
Band of Universal Power,Ring,Epic
Belt of Bloodlust,Belt,Epic
Belt of Endless Slaughter,Belt,Epic
Blessed Templar Choker,Necklace,Epic
Bracers of the Primal King,Bracelet,Epic
Clasp of the Conqueror,Necklace,Epic
Clasp of the Overlord,Necklace,Epic
Collar of Decimation,Necklace,Epic
Eldritch Ice Band,Ring,Epic
Embossed Granite Band,Ring,Epic
Etched Alabaster Band,Ring,Epic
Flamewrought Bindings,Belt,Epic
Forged Golden Bangle,Bracelet,Epic
Gilded Infernal Wristlet,Bracelet,Epic
Girdle of Spectral Skulls,Belt,Epic
Infernal Demonhide Belt,Belt,Epic
Sapphire Dimensional Band,Ring,Epic
Skillful Charging Bracelet,Bracelet,Epic
Skillful Corrupted Bracelet,Bracelet,Epic
Skillful Oppress Bracelet,Bracelet,Epic
Skillful Shock Bracelet,Bracelet,Epic
Skillful Silence Bracelet,Bracelet,Epic
Wrapped Coin Necklace,Necklace,Epic
Belt of Deftness,Belt,Uncommon
Belt of Determination,Belt,Uncommon
Belt of Meditation,Belt,Uncommon
Belt of Vigor,Belt,Uncommon
Bracelet of Buffering,Bracelet,Uncommon
Bracelet of Conquest,Bracelet,Uncommon
Bracelet of Liberation,Bracelet,Uncommon
Bracelet of Revitalization,Bracelet,Uncommon
Necklace of Clarity,Necklace,Uncommon
Necklace of Endurance,Necklace,Uncommon
Necklace of Foresight,Necklace,Uncommon
Necklace of Vitality,Necklace,Uncommon
Ring of Impact,Ring,Uncommon
Ring of Precision,Ring,Uncommon
Ring of Robustness,Ring,Uncommon
Ring of Willpower,Ring,Uncommon
Astral Armlet,Bracelet,Rare
Belt of Combat Prowess,Belt,Rare
Belt of Divine Refreshment,Belt,Rare
Belt of the Midnight Hunt,Belt,Rare
Cold Iron Band,Ring,Rare
Ecliptic Pendant,Necklace,Rare
Gladiator's Girdle,Belt,Rare
Guardian Torque,Necklace,Rare
Imperial Bracelet,Bracelet,Rare
Imperial Ring,Ring,Rare
Kunzite Bangle,Bracelet,Rare
Mitran Leaf Collar,Necklace,Rare
Ornate Choker,Necklace,Rare
Platinum Skull Band,Ring,Rare
Regal Jade Band,Ring,Rare
Regeneration Loop,Belt,Rare
Robert's Bracelet of Focus,Bracelet,Rare
Robert's Necklace of Focus,Necklace,Rare
Robert's Ring of Focus,Ring,Rare
Ruby Bangle,Bracelet,Rare
Rutaine's Bracelet of Wonder,Bracelet,Rare
Rutaine's Necklace of Wonder,Necklace,Rare
Rutaine's Ring of Wonder,Ring,Rare
Serpentine Wristlet,Bracelet,Rare
Sophia's Bracelet of Strength,Bracelet,Rare
Sophia's Necklace of Strength,Necklace,Rare
Sophia's Ring of Strength,Ring,Rare
Spider Silk Collar,Necklace,Rare
Violent Signet,Ring,Rare
Abyssal Grace Band,Ring,Epic
Abyssal Grace Charm,Bracelet,Epic
Abyssal Grace Pendant,Necklace,Epic
Amber Dimensional Band,Ring,Epic
Ancient Saurodoma Bracers,Bracelet,Epic
Band of Universal Power,Ring,Epic
Belt of Bloodlust,Belt,Epic
Belt of Endless Slaughter,Belt,Epic
Blessed Templar Choker,Necklace,Epic
Bracers of the Primal King,Bracelet,Epic
Clasp of the Conqueror,Necklace,Epic
Clasp of the Overlord,Necklace,Epic
Collar of Decimation,Necklace,Epic
Eldritch Ice Band,Ring,Epic
Embossed Granite Band,Ring,Epic
Etched Alabaster Band,Ring,Epic
Flamewrought Bindings,Belt,Epic
Forged Golden Bangle,Bracelet,Epic
Gilded Infernal Wristlet,Bracelet,Epic
Girdle of Spectral Skulls,Belt,Epic
Infernal Demonhide Belt,Belt,Epic
Sapphire Dimensional Band,Ring,Epic
Skillful Charging Bracelet,Bracelet,Epic
Skillful Corrupted Bracelet,Bracelet,Epic
Skillful Oppress Bracelet,Bracelet,Epic
Skillful Shock Bracelet,Bracelet,Epic
Skillful Silence Bracelet,Bracelet,Epic
Wrapped Coin Necklace,Necklace,Epic
